,Emoji,Unicode codepoint,sent
0,ğŸ˜‚,0x1f602,0.22096840377513338
1,â¤,0x2764,0.7460869565217392
2,â™¥,0x2665,0.6576147816349384
3,ğŸ˜,0x1f60d,0.6779367825129737
4,ğŸ˜­,0x1f62d,-0.09337676438653641
5,ğŸ˜˜,0x1f618,0.7017543859649124
6,ğŸ˜Š,0x1f60a,0.6446955430006278
7,ğŸ‘Œ,0x1f44c,0.5637606837606838
8,ğŸ’•,0x1f495,0.6329166666666667
9,ğŸ‘,0x1f44f,0.5205479452054794
10,ğŸ˜,0x1f601,0.4499771585198721
11,â˜º,0x263a,0.6580989330746847
12,â™¡,0x2661,0.669873417721519
13,ğŸ‘,0x1f44d,0.5221143473570657
14,ğŸ˜©,0x1f629,-0.36836283185840707
15,ğŸ™,0x1f64f,0.41780376868096164
16,âœŒ,0x270c,0.46414602346805733
17,ğŸ˜,0x1f60f,0.33245729303547966
18,ğŸ˜‰,0x1f609,0.46416831032215644
19,ğŸ™Œ,0x1f64c,0.5604249667994687
20,ğŸ™ˆ,0x1f648,0.4326923076923077
21,ğŸ’ª,0x1f4aa,0.5557132718239886
22,ğŸ˜„,0x1f604,0.4220314735336195
23,ğŸ˜’,0x1f612,-0.3747292418772563
24,ğŸ’ƒ,0x1f483,0.7358630952380952
25,ğŸ’–,0x1f496,0.7133808392715756
26,ğŸ˜ƒ,0x1f603,0.5580431177446102
27,ğŸ˜”,0x1f614,-0.1460580912863071
28,ğŸ˜±,0x1f631,0.19026548672566368
29,ğŸ‰,0x1f389,0.7395555555555555
30,ğŸ˜œ,0x1f61c,0.4560386473429952
31,â˜¯,0x262f,0.0010080645161290322
32,ğŸŒ¸,0x1f338,0.6522198731501057
33,ğŸ’œ,0x1f49c,0.6560170394036209
34,ğŸ’™,0x1f499,0.7324561403508771
35,âœ¨,0x2728,0.35259433962264153
36,ğŸ˜³,0x1f633,0.017730496453900735
37,ğŸ’—,0x1f497,0.6590909090909091
38,â˜…,0x2605,0.28381642512077293
39,â–ˆ,0x2588,-0.03258145363408521
40,â˜€,0x2600,0.46692111959287536
41,ğŸ˜¡,0x1f621,-0.17328042328042326
42,ğŸ˜,0x1f60e,0.493368700265252
43,ğŸ˜¢,0x1f622,0.006675567423230999
44,ğŸ’‹,0x1f48b,0.6934604904632152
45,ğŸ˜‹,0x1f60b,0.6335149863760219
46,ğŸ™Š,0x1f64a,0.4606896551724138
47,ğŸ˜´,0x1f634,-0.0807799442896936
48,ğŸ¶,0x1f3b6,0.5392296718972895
49,ğŸ’,0x1f49e,0.7423580786026202
50,ğŸ˜Œ,0x1f60c,0.48421052631578954
51,ğŸ”¥,0x1f525,0.13978494623655913
52,ğŸ’¯,0x1f4af,0.1208791208791209
53,ğŸ”«,0x1f52b,-0.19536423841059603
54,ğŸ’›,0x1f49b,0.712624584717608
55,ğŸ’,0x1f481,0.3278688524590164
56,ğŸ’š,0x1f49a,0.659217877094972
57,â™«,0x266b,0.2889305816135085
58,ğŸ˜,0x1f61e,-0.11842105263157898
59,ğŸ˜†,0x1f606,0.4117647058823529
60,ğŸ˜,0x1f61d,0.42540322580645157
61,ğŸ˜ª,0x1f62a,-0.08091286307053946
62,ï¿½,0xfffd,0.08686440677966101
63,ğŸ˜«,0x1f62b,-0.145610278372591
64,ğŸ˜…,0x1f605,0.17965367965367968
65,ğŸ‘Š,0x1f44a,0.22925764192139736
66,ğŸ’€,0x1f480,-0.20833333333333337
67,ğŸ˜€,0x1f600,0.571753986332574
68,ğŸ˜š,0x1f61a,0.714622641509434
69,ğŸ˜»,0x1f63b,0.6235011990407674
70,Â©,0xa9,0.11778846153846154
71,ğŸ‘€,0x1f440,0.06341463414634144
72,ğŸ’˜,0x1f498,0.6886075949367089
73,ğŸ“,0x1f413,0.02864583333333333
74,â˜•,0x2615,0.24607329842931935
75,ğŸ‘‹,0x1f44b,0.41623036649214656
76,âœ‹,0x270b,0.12698412698412698
77,ğŸŠ,0x1f38a,0.7272727272727273
78,ğŸ•,0x1f355,0.42045454545454547
79,â„,0x2744,0.5100286532951289
80,ğŸ˜¥,0x1f625,0.12316715542521994
81,ğŸ˜•,0x1f615,-0.39999999999999997
82,ğŸ’¥,0x1f4a5,0.14893617021276595
83,ğŸ’”,0x1f494,-0.12195121951219512
84,ğŸ˜¤,0x1f624,-0.21100917431192662
85,ğŸ˜ˆ,0x1f608,0.2676923076923077
86,â–º,0x25ba,0.16307692307692306
87,âœˆ,0x2708,0.4192546583850931
88,ğŸ”,0x1f51d,0.4785478547854785
89,ğŸ˜°,0x1f630,-0.019867549668874163
90,âš½,0x26bd,0.6220735785953178
91,ğŸ˜‘,0x1f611,-0.31438127090301005
92,ğŸ‘‘,0x1f451,0.7013422818791946
93,ğŸ˜¹,0x1f639,0.14237288135593218
94,ğŸ‘‰,0x1f449,0.3938356164383562
95,ğŸƒ,0x1f343,0.38144329896907214
96,ğŸ,0x1f381,0.7673611111111112
97,ğŸ˜ ,0x1f620,-0.3020833333333333
98,ğŸ§,0x1f427,0.4612676056338028
99,â˜†,0x2606,0.4326241134751773
100,ğŸ€,0x1f340,0.2877697841726619
101,ğŸˆ,0x1f388,0.7256317689530686
102,ğŸ…,0x1f385,0.32116788321167883
103,ğŸ˜“,0x1f613,-0.08058608058608058
104,ğŸ˜£,0x1f623,-0.2140221402214022
105,ğŸ˜,0x1f610,-0.3925925925925926
106,âœŠ,0x270a,0.43333333333333335
107,ğŸ˜¨,0x1f628,-0.1412639405204461
108,ğŸ˜–,0x1f616,-0.15671641791044777
109,ğŸ’¤,0x1f4a4,0.37453183520599254
110,ğŸ’“,0x1f493,0.6718146718146718
111,ğŸ‘,0x1f44e,-0.18992248062015504
112,ğŸ’¦,0x1f4a6,0.4761904761904762
113,âœ”,0x2714,0.27309236947791166
114,ğŸ˜·,0x1f637,-0.17073170731707316
115,âš¡,0x26a1,0.17886178861788618
116,ğŸ™‹,0x1f64b,0.4915254237288136
117,ğŸ„,0x1f384,0.5381355932203389
118,ğŸ’©,0x1f4a9,-0.11790393013100436
119,ğŸµ,0x1f3b5,0.5067264573991032
120,â¡,0x27a1,0.14864864864864866
121,ğŸ˜›,0x1f61b,0.6090909090909091
122,ğŸ˜¬,0x1f62c,0.19626168224299068
123,ğŸ‘¯,0x1f46f,0.44549763033175355
124,ğŸ’,0x1f48e,0.569377990430622
125,ğŸŒ¿,0x1f33f,0.3894230769230769
126,ğŸ‚,0x1f382,0.6218905472636816
127,ğŸŒŸ,0x1f31f,0.3316582914572864
128,ğŸ”®,0x1f52e,0.27135678391959794
129,â—,0x2757,0.101010101010101
130,ğŸ‘«,0x1f46b,0.25888324873096447
131,ğŸ†,0x1f3c6,0.7371134020618557
132,âœ–,0x2716,0.3160621761658031
133,â˜,0x261d,0.31413612565445026
134,ğŸ˜™,0x1f619,0.7905759162303665
135,â›„,0x26c4,0.5287958115183247
136,ğŸ‘…,0x1f445,0.4684210526315789
137,â™ª,0x266a,0.5421052631578948
138,ğŸ‚,0x1f342,0.5555555555555556
139,ğŸ’,0x1f48f,0.3945945945945946
140,ğŸ”ª,0x1f52a,0.07103825136612019
141,ğŸŒ´,0x1f334,0.5337078651685394
142,ğŸ‘ˆ,0x1f448,0.43103448275862066
143,ğŸŒ¹,0x1f339,0.6104651162790697
144,ğŸ™†,0x1f646,0.5087719298245614
145,âœ,0x279c,0.16470588235294117
146,ğŸ‘»,0x1f47b,0.23214285714285718
147,ğŸ’°,0x1f4b0,0.25595238095238093
148,ğŸ»,0x1f37b,0.5212121212121212
149,ğŸ™…,0x1f645,-0.2060606060606061
150,ğŸŒ,0x1f31e,0.5679012345679013
151,ğŸ,0x1f341,0.4906832298136646
152,â­,0x2b50,0.5911949685534591
153,â–ª,0x25aa,0.2012578616352201
154,ğŸ€,0x1f380,0.6410256410256411
155,â”,0x2501,0.17948717948717946
156,â˜·,0x2637,0.06493506493506493
157,ğŸ·,0x1f437,0.375
158,ğŸ™‰,0x1f649,0.33999999999999997
159,ğŸŒº,0x1f33a,0.56
160,ğŸ’…,0x1f485,0.3959731543624162
161,ğŸ¶,0x1f436,0.5878378378378379
162,ğŸŒš,0x1f31a,0.472972972972973
163,ğŸ‘½,0x1f47d,0.32191780821917804
164,ğŸ¤,0x1f3a4,0.48611111111111105
165,ğŸ‘­,0x1f46d,0.47222222222222227
166,ğŸ§,0x1f3a7,0.4225352112676057
167,ğŸ‘†,0x1f446,0.3333333333333333
168,ğŸ¸,0x1f378,0.5507246376811594
169,ğŸ·,0x1f377,0.40145985401459855
170,Â®,0xae,0.2846715328467153
171,ğŸ‰,0x1f349,0.6102941176470589
172,ğŸ˜‡,0x1f607,0.6
173,â˜‘,0x2611,0.10370370370370371
174,ğŸƒ,0x1f3c3,0.41481481481481475
175,ğŸ˜¿,0x1f63f,-0.3805970149253731
176,â”‚,0x2502,0.35074626865671643
177,ğŸ’£,0x1f4a3,0.007633587786259555
178,ğŸº,0x1f37a,0.5038167938931298
179,â–¶,0x25b6,0.21374045801526717
180,ğŸ˜²,0x1f632,-0.06976744186046513
181,ğŸ¸,0x1f3b8,0.528
182,ğŸ¹,0x1f379,0.6747967479674797
183,ğŸ’«,0x1f4ab,0.512396694214876
184,ğŸ“š,0x1f4da,0.3445378151260504
185,ğŸ˜¶,0x1f636,-0.14529914529914528
186,ğŸŒ·,0x1f337,0.5517241379310345
187,ğŸ’,0x1f49d,0.6608695652173913
188,ğŸ’¨,0x1f4a8,0.391304347826087
189,ğŸˆ,0x1f3c8,0.543859649122807
190,ğŸ’,0x1f48d,0.49107142857142855
191,â˜”,0x2614,0.2972972972972973
192,ğŸ‘¸,0x1f478,0.6216216216216216
193,ğŸ‡ª,0x1f1ea,0.6330275229357798
194,â–‘,0x2591,-0.04629629629629631
195,ğŸ©,0x1f369,0.39252336448598124
196,ğŸ‘¾,0x1f47e,0.3714285714285714
197,â˜,0x2601,0.3173076923076923
198,ğŸŒ»,0x1f33b,0.5865384615384616
199,ğŸ˜µ,0x1f635,0.08737864077669899
200,ğŸ“’,0x1f4d2,0.0392156862745098
201,â†¿,0x21bf,0.6666666666666666
202,ğŸ¯,0x1f42f,0.49000000000000005
203,ğŸ‘¼,0x1f47c,0.3434343434343434
204,ğŸ”,0x1f354,0.2857142857142857
205,ğŸ˜¸,0x1f638,0.422680412371134
206,ğŸ‘¶,0x1f476,0.44791666666666674
207,â†¾,0x21be,0.6666666666666666
208,ğŸ’,0x1f490,0.7578947368421053
209,ğŸŒŠ,0x1f30a,0.5157894736842105
210,ğŸ¦,0x1f366,0.4736842105263158
211,ğŸ“,0x1f353,0.6914893617021277
212,ğŸ‘‡,0x1f447,0.25531914893617025
213,ğŸ’†,0x1f486,0.2282608695652174
214,ğŸ´,0x1f374,0.5543478260869565
215,ğŸ˜§,0x1f627,-0.06521739130434784
216,ğŸ‡¸,0x1f1f8,0.5274725274725275
217,ğŸ˜®,0x1f62e,0.2777777777777778
218,â–“,0x2593,0.01111111111111111
219,ğŸš«,0x1f6ab,-0.4545454545454545
220,ğŸ˜½,0x1f63d,0.5909090909090909
221,ğŸŒˆ,0x1f308,0.5340909090909092
222,ğŸ™€,0x1f640,0.34090909090909094
223,âš ,0x26a0,-0.06818181818181819
224,ğŸ®,0x1f3ae,0.441860465116279
225,â•¯,0x256f,-0.011904761904761918
226,ğŸ†,0x1f346,0.41666666666666663
227,ğŸ°,0x1f370,0.4642857142857143
228,âœ“,0x2713,0.2976190476190476
229,ğŸ‘,0x1f450,-0.024096385542168697
230,ğŸ™‡,0x1f647,0.14457831325301207
231,ğŸŸ,0x1f35f,0.3132530120481928
232,ğŸŒ,0x1f34c,0.4512195121951219
233,ğŸ’‘,0x1f491,0.6829268292682926
234,ğŸ‘¬,0x1f46c,-0.06097560975609756
235,ğŸ£,0x1f423,0.49382716049382713
236,ğŸƒ,0x1f383,0.6172839506172839
237,â–¬,0x25ac,0.48148148148148145
238,ï¿¼,0xfffc,-0.49382716049382713
239,ğŸ˜Ÿ,0x1f61f,0.07500000000000001
240,ğŸ¾,0x1f43e,0.6282051282051282
241,ğŸ“,0x1f393,0.5844155844155844
242,ğŸŠ,0x1f3ca,0.5974025974025974
243,ğŸ«,0x1f36b,0.15789473684210525
244,ğŸ“·,0x1f4f7,0.4473684210526316
245,ğŸ‘„,0x1f444,0.4933333333333334
246,ğŸŒ¼,0x1f33c,0.8108108108108109
247,ğŸš¶,0x1f6b6,-0.14864864864864866
248,ğŸ±,0x1f431,0.5342465753424658
249,â•‘,0x2551,0.1506849315068493
250,ğŸ¸,0x1f438,-0.08333333333333331
251,ğŸ‡º,0x1f1fa,0.5633802816901409
252,ğŸ‘¿,0x1f47f,-0.557142857142857
253,ğŸš¬,0x1f6ac,0.5428571428571428
254,âœ¿,0x273f,0.39999999999999997
255,ğŸ“–,0x1f4d6,0.1764705882352941
256,ğŸ’,0x1f412,0.5441176470588236
257,ğŸŒ,0x1f30d,0.6176470588235294
258,â”Š,0x250a,1.0
259,ğŸ¥,0x1f425,0.6119402985074628
260,ğŸŒ€,0x1f300,0.10606060606060605
261,ğŸ¼,0x1f43c,0.2727272727272727
262,ğŸ¥,0x1f3a5,0.30303030303030304
263,ğŸ’„,0x1f484,0.4545454545454545
264,ğŸ’¸,0x1f4b8,0.16666666666666669
265,â›”,0x26d4,0.5076923076923077
266,â—,0x25cf,0.18461538461538463
267,ğŸ€,0x1f3c0,0.265625
268,ğŸ’‰,0x1f489,0.375
269,ğŸ’Ÿ,0x1f49f,0.7142857142857142
270,ğŸš—,0x1f697,0.24193548387096775
271,ğŸ˜¯,0x1f62f,0.12903225806451613
272,ğŸ“,0x1f4dd,0.24193548387096775
273,â•,0x2550,0.016129032258064516
274,â™¦,0x2666,0.47540983606557374
275,ğŸ’­,0x1f4ad,0.2166666666666667
276,ğŸŒ™,0x1f319,0.6206896551724138
277,ğŸŸ,0x1f41f,0.7241379310344828
278,ğŸ‘£,0x1f463,0.3620689655172414
279,â˜,0x261e,0.1206896551724138
280,âœ‚,0x2702,-0.48275862068965514
281,ğŸ—¿,0x1f5ff,0.46551724137931033
282,ğŸ,0x1f35d,0.12280701754385964
283,ğŸ‘ª,0x1f46a,-0.017543859649122806
284,ğŸ­,0x1f36d,0.3157894736842105
285,ğŸŒƒ,0x1f303,0.41071428571428575
286,âŒ,0x274c,0.2857142857142857
287,ğŸ°,0x1f430,0.6181818181818182
288,ğŸ’Š,0x1f48a,0.45454545454545453
289,ğŸš¨,0x1f6a8,0.6727272727272727
290,ğŸ˜¦,0x1f626,-0.38888888888888895
291,ğŸª,0x1f36a,0.3333333333333333
292,ğŸ£,0x1f363,-0.24528301886792453
293,â•­,0x256d,0.169811320754717
294,âœ§,0x2727,0.33962264150943394
295,ğŸ†,0x1f386,0.75
296,â•®,0x256e,0.13461538461538464
297,ğŸ,0x1f38e,0.9607843137254902
298,ğŸ‡©,0x1f1e9,0.6470588235294117
299,âœ…,0x2705,0.4313725490196078
300,ğŸ‘¹,0x1f479,0.061224489795918324
301,ğŸ“±,0x1f4f1,0.326530612244898
302,ğŸ™,0x1f64d,-0.3469387755102041
303,ğŸ‘,0x1f351,0.2653061224489796
304,ğŸ¼,0x1f3bc,0.3469387755102041
305,ğŸ”Š,0x1f50a,0.4285714285714286
306,ğŸŒŒ,0x1f30c,0.553191489361702
307,ğŸ,0x1f34e,0.34042553191489366
308,ğŸ»,0x1f43b,0.46808510638297873
309,â”€,0x2500,0.14893617021276595
310,â•°,0x2570,-0.06382978723404255
311,ğŸ’‡,0x1f487,0.34782608695652173
312,â™¬,0x266c,0.2608695652173913
313,â™š,0x265a,0.043478260869565216
314,ğŸ”´,0x1f534,0.4222222222222222
315,ğŸ±,0x1f371,-0.33333333333333337
316,ğŸŠ,0x1f34a,0.4444444444444444
317,ğŸ’,0x1f352,0.33333333333333337
318,ğŸ­,0x1f42d,0.7333333333333333
319,ğŸ‘Ÿ,0x1f45f,0.4444444444444445
320,ğŸŒ,0x1f30e,0.3409090909090909
321,ğŸ,0x1f34d,0.5
322,ğŸ®,0x1f42e,0.627906976744186
323,ğŸ“²,0x1f4f2,0.2558139534883721
324,â˜¼,0x263c,0.20930232558139536
325,ğŸŒ…,0x1f305,0.380952380952381
326,ğŸ‡·,0x1f1f7,0.7142857142857143
327,ğŸ‘ ,0x1f460,0.380952380952381
328,ğŸŒ½,0x1f33d,0.47619047619047616
329,ğŸ’§,0x1f4a7,-0.17073170731707316
330,â“,0x2753,0.07317073170731705
331,ğŸ¬,0x1f36c,0.39024390243902435
332,ğŸ˜º,0x1f63a,0.425
333,ğŸ´,0x1f434,0.07500000000000001
334,ğŸš€,0x1f680,0.5249999999999999
335,Â¦,0xa6,0.625
336,ğŸ’¢,0x1f4a2,0.25
337,ğŸ¬,0x1f3ac,0.3
338,ğŸ§,0x1f367,0.32500000000000007
339,ğŸœ,0x1f35c,0.42500000000000004
340,ğŸ,0x1f40f,0.6
341,ğŸ˜,0x1f418,0.024999999999999994
342,ğŸ‘§,0x1f467,0.15000000000000002
343,â €,0x2800,0.05000000000000002
344,ğŸ„,0x1f3c4,0.5641025641025641
345,â¤,0x27a4,0.3333333333333333
346,â¬†,0x2b06,0.30769230769230765
347,ğŸ‹,0x1f34b,0.2631578947368421
348,ğŸ†—,0x1f197,0.5789473684210527
349,âšª,0x26aa,0.4864864864864865
350,ğŸ“º,0x1f4fa,0.40540540540540543
351,ğŸ…,0x1f345,0.37837837837837834
352,â›…,0x26c5,0.4864864864864865
353,ğŸ¢,0x1f422,0.21621621621621623
354,ğŸ‘™,0x1f459,0.5405405405405406
355,ğŸ¡,0x1f3e1,0.47222222222222227
356,ğŸŒ¾,0x1f33e,0.5833333333333333
357,â—‰,0x25c9,0.2777777777777778
358,âœ,0x270f,0.37142857142857144
359,ğŸ¬,0x1f42c,0.4571428571428571
360,ğŸ¤,0x1f364,0.057142857142857134
361,ğŸ‡¹,0x1f1f9,0.6285714285714286
362,â™£,0x2663,0.37142857142857144
363,ğŸ,0x1f41d,0.2285714285714286
364,ğŸŒ,0x1f31d,0.2058823529411765
365,ğŸ‡®,0x1f1ee,0.6470588235294118
366,ğŸ”‹,0x1f50b,-0.5294117647058824
367,ğŸ,0x1f40d,0.38235294117647056
368,â™”,0x2654,0.5882352941176471
369,ğŸ³,0x1f373,0.03030303030303033
370,ğŸ”µ,0x1f535,0.3333333333333333
371,ğŸ˜¾,0x1f63e,-0.36363636363636365
372,ğŸŒ•,0x1f315,0.6060606060606061
373,ğŸ¨,0x1f428,0.48484848484848486
374,ğŸ”,0x1f510,0.3636363636363636
375,ğŸ’¿,0x1f4bf,0.6666666666666666
376,â,0x2741,0.06060606060606061
377,ğŸŒ³,0x1f333,0.53125
378,ğŸ‘°,0x1f470,0.53125
379,â€,0x2740,0.4375
380,âš“,0x2693,0.625
381,ğŸš´,0x1f6b4,0.71875
382,â–€,0x2580,-0.15625
383,ğŸ‘—,0x1f457,0.25806451612903225
384,â•,0x2795,0.5806451612903226
385,ğŸ’¬,0x1f4ac,0.4
386,â–’,0x2592,-0.03333333333333333
387,ğŸ”œ,0x1f51c,0.30000000000000004
388,ğŸ¨,0x1f368,0.23333333333333334
389,ğŸ’²,0x1f4b2,0.26666666666666666
390,â›½,0x26fd,0.16666666666666669
391,ğŸ™,0x1f359,0.3103448275862069
392,ğŸ—,0x1f357,0.06896551724137928
393,ğŸ²,0x1f372,0.1379310344827586
394,ğŸ¥,0x1f365,-0.6551724137931034
395,â–¸,0x25b8,0.2413793103448276
396,â™›,0x265b,0.20689655172413796
397,ğŸ˜¼,0x1f63c,0.3928571428571428
398,ğŸ™,0x1f419,0.4285714285714286
399,ğŸ‘¨,0x1f468,0.5714285714285715
400,ğŸš,0x1f35a,0.5
401,ğŸ–,0x1f356,0.14285714285714285
402,â™¨,0x2668,0.9642857142857143
403,ğŸ¹,0x1f3b9,0.39285714285714285
404,â™•,0x2655,0.42857142857142855
405,â–ƒ,0x2583,1.0
406,ğŸš˜,0x1f698,0.07407407407407407
407,ğŸ,0x1f34f,0.07407407407407407
408,ğŸ‘©,0x1f469,0.07407407407407407
409,ğŸ‘¦,0x1f466,0.14814814814814814
410,ğŸ‡¬,0x1f1ec,0.2962962962962963
411,ğŸ‡§,0x1f1e7,0.2962962962962963
412,â˜ ,0x2620,-0.037037037037037035
413,ğŸ ,0x1f420,0.46153846153846156
414,ğŸš¹,0x1f6b9,0.7692307692307693
415,ğŸ’µ,0x1f4b5,0.423076923076923
416,âœ°,0x2730,0.8846153846153846
417,â• ,0x2560,0.23076923076923078
418,ğŸ‘›,0x1f45b,0.4
419,ğŸš™,0x1f699,0.03999999999999998
420,ğŸŒ±,0x1f331,0.64
421,ğŸ’»,0x1f4bb,0.28
422,ğŸŒ,0x1f30f,0.36
423,â–„,0x2584,-0.08000000000000002
424,ğŸ‘“,0x1f453,0.3333333333333333
425,â—„,0x25c4,0.25
426,âš¾,0x26be,-0.041666666666666685
427,ğŸŒ²,0x1f332,0.43478260869565216
428,ğŸ‘´,0x1f474,0.26086956521739135
429,ğŸ ,0x1f3e0,0.5652173913043479
430,ğŸ‡,0x1f347,0.30434782608695654
431,ğŸ˜,0x1f358,0.4347826086956522
432,ğŸ›,0x1f35b,0.043478260869565244
433,ğŸ‡,0x1f407,0.2608695652173913
434,ğŸ”,0x1f51e,-0.043478260869565216
435,ğŸ‘µ,0x1f475,0.4782608695652174
436,â—€,0x25c0,0.30434782608695654
437,ğŸ”™,0x1f519,0.2173913043478261
438,ğŸŒµ,0x1f335,0.2173913043478261
439,ğŸ½,0x1f43d,0.13636363636363638
440,ğŸ®,0x1f36e,-0.13636363636363635
441,ğŸ‡,0x1f387,0.7727272727272728
442,ğŸ,0x1f40e,0.4545454545454545
443,â”,0x2794,-0.13636363636363635
444,ğŸ’¶,0x1f4b6,0.0
445,ğŸ¤,0x1f424,0.5909090909090909
446,â•©,0x2569,0.22727272727272727
447,ğŸ›€,0x1f6c0,0.14285714285714285
448,ğŸŒ‘,0x1f311,0.5238095238095238
449,ğŸš²,0x1f6b2,0.42857142857142855
450,ğŸ‘,0x1f411,-0.19047619047619047
451,ğŸ,0x1f3c1,0.5714285714285714
452,ğŸ,0x1f35e,0.047619047619047616
453,ğŸ¾,0x1f3be,0.6190476190476191
454,â•š,0x255a,0.3333333333333333
455,ğŸˆ¹,0x1f239,0.3333333333333333
456,ğŸ³,0x1f433,0.14999999999999997
457,ğŸ‘®,0x1f46e,-0.4
458,â˜¹,0x2639,-0.6
459,ğŸµ,0x1f435,0.5499999999999999
460,âœª,0x272a,0.35
461,â—•,0x25d5,0.5
462,ğŸ—¼,0x1f5fc,0.6
463,â–,0x2590,-0.15000000000000002
464,â™ ,0x2660,0.35
465,â”³,0x2533,-0.4
466,ğŸ‘º,0x1f47a,-0.21052631578947367
467,ğŸš,0x1f41a,0.2631578947368421
468,ğŸ‘‚,0x1f442,-0.15789473684210525
469,ğŸ—½,0x1f5fd,0.3684210526315789
470,ğŸµ,0x1f375,0.4210526315789474
471,ğŸ†’,0x1f192,0.42105263157894735
472,ğŸ¯,0x1f36f,0.05263157894736842
473,ğŸº,0x1f43a,0.2631578947368421
474,â‡¨,0x21e8,0.5263157894736842
475,â¨,0x27a8,0.15789473684210525
476,ğŸŒ“,0x1f313,0.6842105263157895
477,ğŸ”’,0x1f512,0.21052631578947367
478,â•¬,0x256c,-0.15789473684210525
479,ğŸ‘³,0x1f473,0.7222222222222223
480,ğŸŒ‚,0x1f302,0.2777777777777778
481,ğŸšŒ,0x1f68c,0.2222222222222222
482,â™©,0x2669,0.6111111111111112
483,ğŸ¡,0x1f361,-0.05555555555555558
484,â¥,0x2765,0.2777777777777778
485,ğŸ¡,0x1f3a1,0.33333333333333337
486,ğŸ’Œ,0x1f48c,0.5882352941176471
487,ğŸ©,0x1f429,0.4117647058823529
488,ğŸŒœ,0x1f31c,0.5882352941176471
489,âŒš,0x231a,0.23529411764705885
490,ğŸš¿,0x1f6bf,0.7058823529411764
491,ğŸ–,0x1f416,0.17647058823529413
492,ğŸ”†,0x1f506,0.6470588235294118
493,ğŸŒ›,0x1f31b,0.6470588235294118
494,ğŸ’‚,0x1f482,-0.1764705882352941
495,ğŸ”,0x1f414,0.3529411764705882
496,ğŸ™,0x1f64e,-0.05882352941176472
497,ğŸ©,0x1f3e9,0.5
498,ğŸ‡«,0x1f1eb,0.5625
499,ğŸ”¨,0x1f528,-0.125
500,ğŸ“¢,0x1f4e2,0.5
501,ğŸ¦,0x1f426,0.5
502,ğŸ²,0x1f432,-0.0625
503,â™»,0x267b,0.5625
504,ğŸŒ˜,0x1f318,0.6875
505,ğŸ,0x1f350,0.1875
506,ğŸŒ”,0x1f314,0.6875
507,â•¥,0x2565,0.125
508,âŠ,0x274a,0.0
509,ğŸ‘–,0x1f456,0.4
510,ğŸšº,0x1f6ba,0.19999999999999998
511,ğŸ˜—,0x1f617,0.7333333333333334
512,ğŸ­,0x1f3ad,0.0
513,ğŸ„,0x1f404,0.33333333333333337
514,â—Ÿ,0x25df,-0.06666666666666667
515,ğŸ¢,0x1f362,-0.1333333333333333
516,ğŸ¨,0x1f3a8,0.2
517,â¬‡,0x2b07,0.4666666666666667
518,ğŸš¼,0x1f6bc,0.6666666666666666
519,â›²,0x26f2,0.06666666666666667
520,â–,0x2581,0.0
521,ğŸ‡´,0x1f1f4,0.4
522,ğŸŒ—,0x1f317,0.7333333333333333
523,ğŸŒ–,0x1f316,0.7333333333333333
524,ğŸ”…,0x1f505,1.0
525,ğŸ‘œ,0x1f45c,0.2857142857142857
526,ğŸŒ,0x1f40c,0.7857142857142857
527,ğŸ’¼,0x1f4bc,0.6428571428571429
528,ğŸš•,0x1f695,0.0
529,ğŸ¹,0x1f439,0.3571428571428571
530,ğŸŒ ,0x1f320,0.6428571428571428
531,ğŸˆ,0x1f408,0.35714285714285715
532,â‡§,0x21e7,0.14285714285714285
533,â˜,0x260e,0.0
534,ğŸŒ,0x1f301,0.21428571428571427
535,âš«,0x26ab,0.2857142857142857
536,â™§,0x2667,0.5714285714285714
537,ğŸ°,0x1f3f0,0.3571428571428571
538,ğŸšµ,0x1f6b5,0.42857142857142855
539,ğŸ¢,0x1f3a2,0.5714285714285715
540,ğŸ·,0x1f3b7,0.7857142857142857
541,ğŸ,0x1f390,0.21428571428571427
542,â”ˆ,0x2508,-0.7142857142857142
543,â•—,0x2557,0.42857142857142855
544,â•±,0x2571,0.0
545,ğŸŒ‡,0x1f307,0.6153846153846154
546,â°,0x23f0,0.5384615384615384
547,â‡©,0x21e9,0.0
548,ğŸš‚,0x1f682,0.3076923076923077
549,â— ,0x25e0,0.5384615384615384
550,ğŸ¿,0x1f3bf,0.4615384615384615
551,âœ¦,0x2726,0.07692307692307693
552,ğŸ†”,0x1f194,0.9230769230769231
553,â›ª,0x26ea,0.15384615384615385
554,ğŸŒ’,0x1f312,0.6923076923076923
555,ğŸª,0x1f42a,0.6923076923076923
556,â•”,0x2554,0.3076923076923077
557,â•,0x255d,0.5384615384615384
558,ğŸ‘”,0x1f454,0.41666666666666674
559,ğŸ”±,0x1f531,0.08333333333333331
560,ğŸ†“,0x1f193,0.25
561,ğŸ‹,0x1f40b,0.25
562,â–½,0x25bd,0.5
563,â–‚,0x2582,0.0
564,ğŸ›,0x1f41b,0.33333333333333337
565,ğŸ‘•,0x1f455,0.5
566,ğŸš‹,0x1f68b,0.08333333333333333
567,ğŸ’³,0x1f4b3,0.5
568,ğŸŒ†,0x1f306,0.16666666666666666
569,ğŸ§,0x1f3e7,1.0
570,ğŸ’¡,0x1f4a1,0.75
571,ğŸ”¹,0x1f539,0.16666666666666666
572,â¬…,0x2b05,0.5833333333333334
573,ğŸ ,0x1f360,0.0
574,ğŸ«,0x1f42b,0.4166666666666667
575,ğŸª,0x1f3ea,0.08333333333333334
576,Û©,0x6e9,0.0
577,ğŸ‡±,0x1f1f1,0.5
578,ğŸ“¹,0x1f4f9,0.5454545454545454
579,ğŸ‘,0x1f45e,0.5454545454545454
580,ğŸš‘,0x1f691,0.09090909090909094
581,ğŸ†˜,0x1f198,0.09090909090909088
582,ğŸ‘š,0x1f45a,0.7272727272727273
583,ğŸš,0x1f68d,0.09090909090909088
584,â–¡,0x25a1,-0.2727272727272727
585,ğŸ‚,0x1f402,0.1818181818181818
586,ğŸš£,0x1f6a3,0.7272727272727273
587,âœ³,0x2733,0.0
588,ğŸ‰,0x1f3c9,0.6363636363636364
589,ğŸ—»,0x1f5fb,0.7272727272727273
590,ğŸ€,0x1f400,0.1818181818181818
591,â•¦,0x2566,0.45454545454545453
592,â›º,0x26fa,0.6
593,ğŸ•,0x1f415,0.30000000000000004
594,ğŸ‚,0x1f3c2,0.5
595,ğŸ‘¡,0x1f461,0.5
596,ğŸ“»,0x1f4fb,0.4
597,âœ’,0x2712,0.30000000000000004
598,ğŸŒ°,0x1f330,0.7
599,ğŸ¢,0x1f3e2,0.2
600,ğŸ’,0x1f392,0.6
601,âŒ’,0x2312,0.7
602,ğŸ«,0x1f3eb,-0.3
603,ğŸ“´,0x1f4f4,0.8
604,ğŸš¢,0x1f6a2,0.3
605,ğŸšš,0x1f69a,-0.1
606,ğŸ‰,0x1f409,0.2
607,â’,0x2752,0.3
608,ğŸŠ,0x1f40a,0.09999999999999998
609,ğŸ””,0x1f514,1.0
610,â—¢,0x25e2,0.8
611,ğŸ¥,0x1f3e5,0.3333333333333333
612,â”,0x2754,0.0
613,ğŸš–,0x1f696,-0.1111111111111111
614,ğŸƒ,0x1f0cf,0.1111111111111111
615,â–¼,0x25bc,0.1111111111111111
616,â–Œ,0x258c,-0.3333333333333333
617,â˜›,0x261b,0.4444444444444444
618,âœ©,0x2729,0.0
619,ğŸ’’,0x1f492,0.6666666666666666
620,ğŸš¤,0x1f6a4,0.4444444444444444
621,ğŸ,0x1f410,0.5555555555555556
622,â– ,0x25a0,-0.33333333333333337
623,ğŸ”š,0x1f51a,0.4444444444444445
624,ğŸ»,0x1f3bb,0.4444444444444444
625,ğŸ”·,0x1f537,0.2222222222222222
626,ğŸš¦,0x1f6a6,0.1111111111111111
627,ğŸ”“,0x1f513,0.1111111111111111
628,ğŸ½,0x1f3bd,0.5555555555555556
629,ğŸ“…,0x1f4c5,0.2222222222222222
630,ğŸº,0x1f3ba,0.7777777777777777
631,âœ¯,0x272f,0.0
632,ğŸˆ,0x1f348,-0.4444444444444444
633,âœ‰,0x2709,0.3333333333333333
634,â•£,0x2563,0.0
635,â—¤,0x25e4,1.0
636,â—‹,0x25cb,0.625
637,ğŸ¼,0x1f37c,0.625
638,ğŸ“€,0x1f4c0,0.125
639,ğŸš›,0x1f69b,-0.25
640,ğŸ““,0x1f4d3,0.25
641,â˜‰,0x2609,0.25
642,ğŸ’´,0x1f4b4,-0.25
643,â”¼,0x253c,0.0
644,ğŸƒ,0x1f403,0.0
645,â°,0x27b0,-0.125
646,ğŸ”Œ,0x1f50c,-0.125
647,ğŸ„,0x1f344,0.0
648,ğŸ“•,0x1f4d5,0.25
649,ğŸ“£,0x1f4e3,0.5
650,ğŸš“,0x1f693,0.375
651,ğŸ—,0x1f417,0.625
652,â†ª,0x21aa,0.125
653,â›³,0x26f3,0.875
654,â”»,0x253b,-0.5
655,â”›,0x251b,0.75
656,â”ƒ,0x2503,0.5
657,ğŸ‘±,0x1f471,0.14285714285714285
658,â³,0x23f3,0.0
659,ğŸ’º,0x1f4ba,0.2857142857142857
660,ğŸ‡,0x1f3c7,-0.14285714285714285
661,â˜»,0x263b,0.2857142857142857
662,ğŸ“,0x1f4de,0.5714285714285714
663,â’¶,0x24b6,-0.14285714285714285
664,ğŸŒ‰,0x1f309,0.7142857142857143
665,ğŸš©,0x1f6a9,-0.2857142857142857
666,âœ,0x270e,0.7142857142857143
667,ğŸ“ƒ,0x1f4c3,0.5714285714285714
668,ğŸ¨,0x1f3e8,0.2857142857142857
669,ğŸ“Œ,0x1f4cc,-0.5714285714285714
670,â™,0x264e,-0.14285714285714285
671,ğŸ’·,0x1f4b7,0.5714285714285714
672,ğŸš„,0x1f684,0.7142857142857143
673,â–²,0x25b2,0.7142857142857143
674,â›µ,0x26f5,0.7142857142857143
675,ğŸ”¸,0x1f538,0.2857142857142857
676,âŒ›,0x231b,0.14285714285714285
677,ğŸšœ,0x1f69c,1.0
678,ğŸ†,0x1f406,0.42857142857142855
679,ğŸ‘’,0x1f452,0.2857142857142857
680,â•,0x2755,0.2857142857142857
681,ğŸ”›,0x1f51b,0.5714285714285714
682,â™¢,0x2662,0.42857142857142855
683,ğŸ‡²,0x1f1f2,0.5714285714285714
684,â…,0x2745,0.8571428571428571
685,ğŸ‘,0x1f45d,0.5
686,âœ,0x271e,0.5
687,â—¡,0x25e1,0.3333333333333333
688,ğŸ‹,0x1f38b,0.6666666666666667
689,ğŸ‘¥,0x1f465,0.33333333333333337
690,ğŸ“µ,0x1f4f5,0.16666666666666666
691,ğŸ¡,0x1f421,0.3333333333333333
692,â—†,0x25c6,0.8333333333333334
693,ğŸ¯,0x1f3ef,0.16666666666666666
694,â˜‚,0x2602,0.0
695,ğŸ”­,0x1f52d,0.5
696,ğŸª,0x1f3aa,0.3333333333333333
697,ğŸœ,0x1f41c,0.6666666666666666
698,â™Œ,0x264c,0.8333333333333334
699,â˜,0x2610,-1.0
700,ğŸ‘·,0x1f477,0.33333333333333337
701,â†³,0x21b3,0.0
702,ğŸ”ˆ,0x1f508,0.3333333333333333
703,ğŸ“„,0x1f4c4,1.0
704,ğŸ“,0x1f4cd,0.16666666666666666
705,ğŸš,0x1f690,0.8333333333333334
706,ğŸš”,0x1f694,0.0
707,ğŸŒ‹,0x1f30b,0.6666666666666666
708,ğŸ“¡,0x1f4e1,0.33333333333333337
709,â©,0x23e9,0.16666666666666666
710,ğŸš³,0x1f6b3,1.0
711,âœ˜,0x2718,0.8333333333333334
712,Û,0x6de,0.0
713,â˜¾,0x263e,0.0
714,ğŸ…°,0x1f170,0.33333333333333337
715,ğŸ“¥,0x1f4e5,0.0
716,ğŸ‡¼,0x1f1fc,0.5
717,â”“,0x2513,0.6666666666666666
718,â”£,0x2523,0.6666666666666666
719,â“,0x24c1,0.5
720,â’º,0x24ba,0.5
721,ğŸ”¦,0x1f526,0.0
722,ğŸ‘¤,0x1f464,0.8
723,ğŸš,0x1f681,0.2
724,ğŸ ,0x1f3a0,0.6
725,ğŸ,0x1f401,-0.4
726,ğŸ“—,0x1f4d7,0.2
727,â”,0x2510,-0.2
728,â˜®,0x262e,0.0
729,â™‚,0x2642,0.2
730,â—,0x25de,0.0
731,ğŸ“¯,0x1f4ef,-0.2
732,ğŸ”©,0x1f529,0.2
733,ğŸ‘¢,0x1f462,0.8
734,â—‚,0x25c2,0.4
735,ğŸ“°,0x1f4f0,0.39999999999999997
736,ğŸ“¶,0x1f4f6,0.4
737,ğŸš¥,0x1f6a5,0.0
738,ğŸŒ„,0x1f304,0.2
739,ğŸ—¾,0x1f5fe,0.4
740,ğŸ”¶,0x1f536,0.4
741,ğŸ¤,0x1f3e4,0.4
742,ğŸ©,0x1f3a9,0.4
743,â“‚,0x24c2,0.39999999999999997
744,ğŸ”§,0x1f527,-0.6000000000000001
745,ğŸ…,0x1f405,0.2
746,â™®,0x266e,0.2
747,ğŸ…¾,0x1f17e,-0.2
748,ğŸ”„,0x1f504,0.0
749,â˜„,0x2604,0.0
750,â˜¨,0x2628,0.0
751,ğŸ“¦,0x1f4e6,0.25
752,ğŸšŠ,0x1f68a,0.25
753,ğŸ”²,0x1f532,0.75
754,ğŸ”,0x1f501,0.0
755,â–³,0x25b3,0.25
756,ğŸ“†,0x1f4c6,1.0
757,â›,0x275b,0.5
758,ğŸ“‰,0x1f4c9,0.5
759,â–µ,0x25b5,0.5
760,ğŸ”,0x1f50e,0.75
761,â˜œ,0x261c,0.25
762,ğŸ‡¯,0x1f1ef,0.5
763,ğŸ‡µ,0x1f1f5,0.5
764,ğŸ“˜,0x1f4d8,0.25
765,âœ¡,0x2721,0.0
766,â“”,0x24d4,0.75
767,ğŸ”‘,0x1f511,0.25
768,ğŸ”ƒ,0x1f503,0.0
769,ğŸ‘ƒ,0x1f443,0.0
770,â­•,0x2b55,0.5
771,ğŸ”˜,0x1f518,0.25
772,â“’,0x24d2,0.0
773,ğŸš­,0x1f6ad,1.0
774,ğŸš‰,0x1f689,0.75
775,ğŸšª,0x1f6aa,0.75
776,â³,0x27b3,0.5
777,ğŸšƒ,0x1f683,0.75
778,â”¯,0x252f,-0.5
779,ğŸ¬,0x1f3ec,0.0
780,â˜½,0x263d,0.0
781,ğŸ†™,0x1f199,0.5
782,ğŸ†–,0x1f196,0.25
783,â˜ª,0x262a,0.0
784,â”—,0x2517,1.0
785,ğŸš®,0x1f6ae,0.0
786,â”«,0x252b,0.0
787,â“„,0x24c4,0.5
788,â‡,0x2747,0.6666666666666666
789,âœ´,0x2734,0.6666666666666666
790,â”Œ,0x250c,0.0
791,â˜Š,0x260a,1.0
792,ğŸ”•,0x1f515,-0.3333333333333333
793,â¬›,0x2b1b,-0.3333333333333333
794,â,0x275d,0.0
795,â,0x275e,0.0
796,ğŸš,0x1f69e,0.6666666666666666
797,ğŸ¶,0x1f376,0.6666666666666666
798,ğŸŒ,0x1f310,0.6666666666666666
799,â™€,0x2640,0.3333333333333333
800,ğŸš…,0x1f685,0.6666666666666666
801,ğŸš’,0x1f692,-0.3333333333333333
802,â£,0x27a3,0.0
803,â™‹,0x264b,0.3333333333333333
804,â™,0x264d,0.6666666666666666
805,ğŸ•,0x1f55d,-0.3333333333333333
806,â“,0x24d0,1.0
807,âœ—,0x2717,0.0
808,ğŸ“™,0x1f4d9,0.3333333333333333
809,â“ˆ,0x24c8,0.3333333333333333
810,ğŸ“‹,0x1f4cb,0.6666666666666666
811,â‡¢,0x21e2,0.0
812,ğŸ±,0x1f3b1,0.3333333333333333
813,ğŸ,0x1f41e,0.3333333333333333
814,ğŸ”º,0x1f53a,0.3333333333333333
815,â“¡,0x24e1,1.0
816,ğŸ,0x1f38d,0.0
817,â™¤,0x2664,0.6666666666666666
818,ğŸ²,0x1f3b2,0.0
819,ğŸ¯,0x1f3af,0.6666666666666666
820,ã€ ,0x3020,0.0
821,ğŸ”‰,0x1f509,0.6666666666666666
822,â†©,0x21a9,1.0
823,ğŸš¾,0x1f6be,0.3333333333333333
824,ğŸ£,0x1f3a3,-0.6666666666666666
825,ğŸ”£,0x1f523,0.3333333333333333
826,â,0x274e,-1.0
827,â¥,0x27a5,0.3333333333333333
828,ğŸ…±,0x1f171,0.0
829,ğŸŒ,0x1f38c,1.0
830,â—£,0x25e3,0.3333333333333333
831,â¬,0x23ec,1.0
832,â™­,0x266d,0.3333333333333333
833,ğŸ’ ,0x1f4a0,0.0
834,â“,0x24de,1.0
835,ğŸ”³,0x1f533,0.5
836,ğŸ­,0x1f3ed,0.5
837,ğŸ”°,0x1f530,0.0
838,ğŸ³,0x1f3b3,-0.5
839,â˜š,0x261a,1.0
840,â½,0x27bd,0.5
841,â«,0x27ab,0.5
842,â–,0x2796,-1.0
843,ğŸ®,0x1f3ee,0.0
844,ğŸ“›,0x1f4db,0.0
845,ê’°,0xa4b0,0.5
846,ê’±,0xa4b1,0.5
847,â—,0x25dd,-0.5
848,ğŸ“‘,0x1f4d1,1.0
849,ğŸ¦,0x1f3a6,0.0
850,â“§,0x24e7,1.0
851,ğŸ‡¨,0x1f1e8,0.0
852,ğŸ‡³,0x1f1f3,0.0
853,ğŸ”Ÿ,0x1f51f,1.0
854,ã€“,0x3013,1.0
855,â“œ,0x24dc,0.5
856,â ,0x27a0,1.0
857,ğŸš†,0x1f686,0.5
858,ğŸš ,0x1f6a0,0.0
859,â„…,0x2105,-1.0
860,â˜ƒ,0x2603,0.5
861,ğŸš½,0x1f6bd,1.0
862,ğŸ“,0x1f4d0,0.0
863,â“,0x24dd,1.0
864,âœ®,0x272e,0.0
865,â‡¦,0x21e6,1.0
866,ğŸ‘²,0x1f472,0.5
867,ğŸš¡,0x1f6a1,-0.5
868,ğŸ‘,0x1f391,0.0
869,ğŸ”¬,0x1f52c,1.0
870,â—,0x2797,-0.5
871,ğŸ“ˆ,0x1f4c8,0.5
872,âŒ˜,0x2318,0.0
873,âª,0x23ea,0.5
874,â•¹,0x2579,0.0
875,â—,0x25ce,1.0
876,ğŸ”¼,0x1f53c,0.0
877,ê’¦,0xa4a6,-1.0
878,ğŸ“,0x1f4ce,1.0
879,â‘…,0x2445,1.0
880,â,0x235d,0.0
881,ğŸ“,0x1f4c1,0.0
882,âœ­,0x272d,1.0
883,â²,0x27b2,0.0
884,â™“,0x2653,0.5
885,â”,0x250f,1.0
886,â˜‡,0x2607,1.0
887,â™º,0x267a,0.0
888,â™,0x265e,0.0
889,à¿,0xfce,-1.0
890,ğŸ“ ,0x1f4e0,0.0
891,ğŸ‘˜,0x1f458,1.0
892,â†™,0x2199,1.0
893,â’»,0x24bb,0.5
894,â“Œ,0x24cc,0.5
895,â“…,0x24c5,0.5
896,ğŸ•‘,0x1f551,0.5
897,ğŸ’½,0x1f4bd,0.0
898,ğŸ•›,0x1f55b,1.0
899,ğŸ«,0x1f3ab,0.0
900,â™ˆ,0x2648,-1.0
901,ğŸ“Ÿ,0x1f4df,0.0
902,â„ƒ,0x2103,0.0
903,â†¬,0x21ac,1.0
904,ğŸ•’,0x1f552,0.0
905,ğŸ‡°,0x1f1f0,0.0
906,â†±,0x21b1,0.0
907,âœ,0x270d,1.0
908,â‡,0x21d0,0.0
909,ğŸ¦,0x1f3e6,1.0
910,ğŸ”»,0x1f53b,1.0
911,â“Ÿ,0x24df,1.0
912,â“•,0x24d5,1.0
913,â“˜,0x24d8,1.0
914,â™¿,0x267f,1.0
915,â‡—,0x21d7,1.0
916,â‡˜,0x21d8,1.0
917,â“¨,0x24e8,1.0
918,â“™,0x24d9,1.0
919,â–«,0x25ab,1.0
920,ğŸ”‡,0x1f507,1.0
921,âŒƒ,0x2303,-1.0
922,ğŸ”–,0x1f516,1.0
923,ğŸ“œ,0x1f4dc,1.0
924,â™,0x264f,0.0
925,ğŸš,0x1f69d,1.0
926,â˜¢,0x2622,0.0
927,ğŸ,0x1f38f,0.0
928,â”˜,0x2518,-1.0
929,âœ,0x271d,-1.0
930,â–,0x2756,0.0
931,â£,0x2363,-1.0
932,ğŸ“®,0x1f4ee,-1.0
933,ğŸ••,0x1f555,-1.0
934,ğŸ‡­,0x1f1ed,0.0
935,â—œ,0x25dc,0.0
936,ğŸ”¯,0x1f52f,1.0
937,â¸,0x27b8,1.0
938,ê’µ,0xa4b5,1.0
939,ğŸ•¥,0x1f565,-1.0
940,â™™,0x2659,0.0
941,â–¿,0x25bf,0.0
942,âšƒ,0x2683,0.0
943,âœ½,0x273d,1.0
944,ğŸ“¼,0x1f4fc,1.0
945,ğŸ•,0x1f550,-1.0
946,ğŸ€„,0x1f004,1.0
947,âœ¾,0x273e,0.0
948,âœ¬,0x272c,1.0
949,ğŸ†‘,0x1f191,0.0
950,âœ«,0x272b,1.0
951,ğŸ•”,0x1f554,-1.0
952,â£,0x2763,1.0
953,â±,0x27b1,0.0
954,ğŸ†•,0x1f195,0.0
955,â¢,0x27a2,0.0
956,â†•,0x2195,0.0
957,ğŸ“«,0x1f4eb,1.0
958,ğŸ‰,0x1f250,1.0
959,â™Š,0x264a,0.0
960,ğŸˆ‚,0x1f202,-1.0
961,ğŸ°,0x1f3b0,-1.0
962,Ò‚,0x482,-1.0
963,â•¤,0x2564,-1.0
964,â›,0x279b,0.0
965,â™,0x265d,0.0
966,â‹,0x274b,0.0
967,âœ†,0x2706,0.0
968,ğŸ“”,0x1f4d4,1.0
